Country,bat_avg,bat_sr,boundary%,dot%,economy,bowl_avg,bowl_sr
Canada,2.2500448934812556,1.4778402496889658,1.0361669796620847,0.7934287045748463,0.6173217254810861,0.34959422792110756,-0.1012192077040868
Nepal,0.4690771557596519,1.1408965456760203,0.790465109035628,1.093745176867195,-0.3383570973482334,0.10268350640732073,0.5433370677700473
United States,0.5186544161244928,0.5570544378604825,0.492644659791435,0.13162018230096673,-0.32215915119858424,-0.4017198246851299,-0.4707648056425901
Uganda,-0.4080589891567703,-1.1799484500683264,0.31767514586047296,-2.193051769887959,1.9779492020516427,1.9580412137823486,1.8410437023913038
Scotland,-0.08008634366628233,0.48008022961614544,0.6490003956446362,0.7211302945785425,-1.0024728894838626,-0.7191764666314283,-0.2731008811638553
Papua New Guinea,-0.5300953223625335,-0.5525360356993928,-1.2533277239026366,-0.5802410853549729,0.6983114562293332,1.0021439919218298,1.205081510590158
Namibia,-0.25551357264956703,0.09230450129090086,-0.3114705531678807,0.5598492261252404,-0.41934682809648194,-0.6345213621124149,-0.8145281525621301
Oman,-0.995358842709506,-0.6643664891864477,0.23205176670276906,-0.402275768440988,0.1313833409916018,-0.2923736480147389,-0.8403104035810934
Netherlands,-0.9686633948207453,-1.3513249891783605,-1.9532057796264874,-0.12420496076288683,-1.3426297586265017,-1.3646716385888995,-1.0895388300977578
